level,area,macro_id,source_file,node_id,size,current_label,current_short_label,suggested_label,suggested_short_label,suggestion_rule,issue_flags,dominant_area_share,interdisciplinarity,programs_top,sample_titles
macro,Area 1,Area1_M02,macro,Area1_M02,23941,"Ingeniería, Energía e Infraestructura Industrial","Ingeniería, Energía e Infraestruc...","Ingeniería, Energía e Infraestructura Industrial","Ingeniería, Energía e Infraestruc...",current_clean,short_long,0.6759,0.3241,Ingeniería Civil,
macro,Area 1,Area1_M00,macro,Area1_M00,21756,"Arquitectura, Territorio y Ciudad","Arquitectura, Territorio y Ciudad","Arquitectura, Territorio y Ciudad","Arquitectura, Territorio y Ciudad",current_clean,,0.5456,0.4544,Arquitectura,
macro,Area 1,Area1_M11,macro,Area1_M11,19172,"Biología, Ambiente y Ciencias Naturales","Biología, Ambiente y Ciencias NAT...","Biología, Ambiente y Ciencias Naturales","Biología, Ambiente y Ciencias Nat...",current_clean,short_long,0.4908,0.5092,Biología,
macro,Area 1,Area1_M01,macro,Area1_M01,9005,"Ingeniería Civil, Geociencias y Territorio","Ingeniería Civil, Geociencias y T...","Ingeniería Civil, Geociencias y Territorio","Ingeniería Civil, Geociencias y T...",current_clean,short_long,0.8331,0.1669,Ingeniería Civil,
macro,Area 1,Area1_M03,macro,Area1_M03,5989,"Física, Energía y Ciencias Básicas","Física, Energía y Ciencias Básicas","Física, Energía y Ciencias Básicas","Física, Energía y Ciencias Básicas",current_clean,,0.7722,0.2278,Física,
macro,Area 1,Area1_M07,macro,Area1_M07,5549,"Computación, Información y Sistemas","Computación, Información y Sistem...","Computación, Información y Sistemas","Computación, Información y Sistem...",current_clean,short_long,0.523,0.477,Ingeniería en Computación,
macro,Area 1,Area1_M08,macro,Area1_M08,5227,"Ingeniería, Gestión y Proyectos Aplicados","Ingeniería, Gestión y Proyectos A...","Ingeniería, Gestión y Proyectos Aplicados","Ingeniería, Gestión y Proyectos A...",current_clean,short_long,0.5324,0.4676,Derecho,
macro,Area 1,Area1_M09,macro,Area1_M09,3325,"Matemáticas, Física y Modelación","Matemáticas, Física y Modelación","Matemáticas, Física y Modelación","Matemáticas, Física y Modelación",current_clean,,0.7715,0.2285,Matemáticas,
macro,Area 1,Area1_M10,macro,Area1_M10,1891,"Arquitectura, Comunicación y Diseño Aplicado","Arquitectura, Comunicación y Dise...","Arquitectura, Comunicación y Diseño Aplicado","Arquitectura, Comunicación y Dise...",current_clean,short_long,0.4783,0.5217,Arquitectura,
macro,Area 1,Area1_M04,macro,Area1_M04,1653,"Tierra, Geografía y Relaciones Territoriales","Tierra, Geografía y Relaciones TE...","Tierra, Geografía y Relaciones Territoriales","Tierra, Geografía y Relaciones Te...",current_clean,short_long,0.5124,0.4875,Ciencias de la Tierra,
macro,Area 1,Area1_M05,macro,Area1_M05,1076,"Actuaría, Riesgo y Administración Cuantitativa","Actuaría, Riesgo y Administración...","Actuaría, Riesgo y Administración Cuantitativa","Actuaría, Riesgo y Administración...",current_clean,short_long,0.5646,0.4354,Actuaría,
macro,Area 1,Area1_M06,macro,Area1_M06,218,Arquitectura y Diseño,Arquitectura y Diseño,Arquitectura y Diseño,Arquitectura y Diseño,current_clean,,0.9784,0.0216,Arquitectura,
meso,Area 1,Area1_M00,Area1_M00.json,C10,8109,Municipio Mexicano - Arquitectura,Municipio Mexicano - Arquitectura,Municipio Mexicano - Arquitectura,Municipio Mexicano - Arquitectura,current_clean,,0.5207,0.0,Arquitectura,"El Problema de la Habitacion en México | Contribucion AL Conocimiento de la Avifauna de Bejucos, Municipio de Tejupilco,... | Edificio de Estacionamiento en la Ciudad de México"
meso,Area 1,Area1_M00,Area1_M00.json,C16,6964,Urbano Arquitectónico - Arquitectura,Urbano Arquitectónico - Arquitect...,Urbano Arquitectónico - Arquitectura,Urbano Arquitectónico - Arquitect...,current_clean,short_long,0.588,0.0,Arquitectura,Programas de Vivienda para Santiago Acahualtepec | Conjunto Habitacional | Centro de Investigaciones en Arquitectura y Urbanismo
meso,Area 1,Area1_M00,Area1_M00.json,C73,2634,Centro Cultural - Arquitectura,Centro Cultural - Arquitectura,Centro Cultural - Arquitectura,Centro Cultural - Arquitectura,current_clean,,0.4286,0.0,Arquitectura,"Centro Cultural Pizzica en Melpignano, Italia | Centro Cultural Iztapalapa | Museo Universitario Contemporaneo de Arte"
meso,Area 1,Area1_M00,Area1_M00.json,C79,2464,Organización Territorial - Arquitectura,Organización Territorial - Arquit...,Organización Territorial - Arquitectura,Organización Territorial - Arquit...,current_clean,short_long,0.4375,0.0,Arquitectura,Ampliacion Centro Vacacional Oaxtepec | Ampliacion Centro Vacacional Oaxtepec MOR | Condicion Jurídica del Turista en México
meso,Area 1,Area1_M00,Area1_M00.json,C107,1088,Ciudad Guanajuato - Arquitectura,Ciudad Guanajuato - Arquitectura,Ciudad Guanajuato - Arquitectura,Ciudad Guanajuato - Arquitectura,current_clean,,0.4945,0.0,Arquitectura,"Centro Comercial en Tijuana, Baja California | Palacio Municipal en Uruapan, Michoacan | Palacio Federal en Manzanillo, COL"
meso,Area 1,Area1_M00,Area1_M00.json,C126,497,Quintana Roo - Arquitectura,Quintana Roo - Arquitectura,Quintana Roo - Arquitectura,Quintana Roo - Arquitectura,current_clean,,1.0,0.0,Arquitectura,Hotel de Playa | Motel en Carretera | Hotel de Cinco Estrellas
meso,Area 1,Area1_M01,Area1_M01.json,C38,4226,Geológico Área - Ingeniería Civil,Geológico Área - Ingeniería Civil,Geológico Área - Ingeniería Civil,Geológico Área - Ingeniería Civil,current_clean,,0.7745,0.0,Ingeniería Civil,Instrumentacion en Tuneles | Sistemas de Informacion Geografica | Pavimentos Asfalticos
meso,Area 1,Area1_M01,Area1_M01.json,C50,3785,Estructura Concreto - Ingeniería Civil,Estructura Concreto - Ingeniería...,Estructura Concreto - Ingeniería Civil,Estructura Concreto - Ingeniería...,current_clean,short_long,0.8634,0.0,Ingeniería Civil,Calculo de UNA Estructura de Concreto Armado | Calculo de la Estructura de UN Edificio | Desarrollo de Herramientas de Análisis Estructural para SU USO Desde la Internet
meso,Area 1,Area1_M01,Area1_M01.json,C112,994,Puente Definitivo Camino - Ingeniería Civil,Puente Definitivo Camino - Ingeni...,Puente Definitivo Camino - Ingeniería Civil,Puente Definitivo Camino - Ingeni...,current_clean,short_long,0.9034,0.0,Ingeniería Civil,Proyecto de Puente Carretero Sobre el RIO Champoton | Puentes Maryland | Puentes Removibles
meso,Area 1,Area1_M02,Area1_M02.json,C9,8245,Abastecimiento Agua - Ingeniería Civil,Abastecimiento Agua - Ingeniería...,Abastecimiento Agua - Ingeniería Civil,Abastecimiento Agua - Ingeniería...,current_clean,short_long,0.713,0.0,Ingeniería Civil,"Abastecimiento de Agua Potable en Sola de Vega, Oaxaca | La Laguna Centro Social y Cultural | Seleccion de Instrumentos para la Medicion de Flujo"
meso,Area 1,Area1_M02,Area1_M02.json,C17,6877,Gas Licuado Petróleo - Ingeniería Química,Gas Licuado Petróleo - Ingeniería...,Gas Licuado Petróleo - Ingeniería Química,Gas Licuado Petróleo - Ingeniería...,current_clean,short_long,0.6411,0.0,Ingeniería Química,Estimacion Automatizada de la Recuperacion de Aceite por Medio de Inyeccion de... | Hornos para Ladrillos : Estudio Previo A la Elaboracion de Disenos para SU Cons... | Calculo del Volumen Original de Hidrocarburos por el Metodo de Isohidrocarburos
meso,Area 1,Area1_M02,Area1_M02.json,C32,4672,Ingeniería Mecánica Eléctrica,Ingeniería Mecánica Eléctrica,Ingeniería Mecánica Eléctrica,Ingeniería Mecánica Eléctrica,current_clean,,0.7652,0.0,Ingeniería Mecánica Eléctrica,Estudio del Corto Circuito | Estudio de UNA Posible Distribucion y Readaptacion Modular del Laboratorio de C... | Finanzas Corporativas : Optimización de Inventarios para Incrementar la Rentabi...
meso,Area 1,Area1_M02,Area1_M02.json,C40,4147,Fabrica Productos Quimicos - Ingeniería Química,Fabrica Productos Quimicos - Inge...,Fabrica Productos Quimicos - Ingeniería Química,Fabrica Productos Quimicos - Inge...,current_clean,short_long,0.5223,0.0,Ingeniería Química,"Auditoria de Inmuebles, Maquinaria y Equipo | Reestructuracion de la COL. SAN Lorenzo la Cebada, Xochimilco | Organización Administrativa y Contable de UNA Fabrica de Papel"
meso,Area 1,Area1_M03,Area1_M03.json,C70,2752,Centro Divulgacion - Física,Centro Divulgacion - Física,Centro Divulgacion - Física,Centro Divulgacion - Física,current_clean,,0.8223,0.0,Física,Coronas Telescopicas | Modelos Numéricos de Chorros Astrofísicos Variables | Centro de Divulgacion de Estudios Astronomicos : Centro Cultural Universitario
meso,Area 1,Area1_M03,Area1_M03.json,C95,1647,Trampa Magneto Óptica - Física,Trampa Magneto Óptica - Física,Trampa Magneto Óptica - Física,Trampa Magneto Óptica - Física,current_clean,,0.7614,0.0,Física,"Aplicacion del Rayo Laser en Odontología | Laser en Operatoria Dental | Síntesis, Caracterización Estructural y Propiedades Magnéticas de Manganitas LA2"
meso,Area 1,Area1_M03,Area1_M03.json,C96,1590,Reactores Nucleares - Física,Reactores Nucleares - Física,Reactores Nucleares - Física,Reactores Nucleares - Física,current_clean,,0.6314,0.0,Física,Higiene de las Radiaciones | Métodos Matematicos Aplicados AL Análisis y Simulacion de Reactores Quimicos | Utilizacion de la Energía Nuclear en México para la Produccion de Energía Eléct...
meso,Area 1,Area1_M04,Area1_M04.json,C94,1653,Ciencias de la Tierra,Ciencias de la Tierra,Ciencias de la Tierra,Ciencias de la Tierra,current_clean,,0.4864,0.0,Ciencias de la Tierra,"Proyecto Electrico de la Subestacion de la Planta de Etileno de la Cangrejera,... | Instrumentacion en Meteorologia | Proyecto Electrico de la Subestacion de la Planta de Etileno de la Cangrejera V..."
meso,Area 1,Area1_M05,Area1_M05.json,C108,1076,Actuaría,Actuaría,Actuaría,Actuaría,current_clean,,0.5177,0.0,Actuaría,Guía Basica de Administración de Riesgos para las Micro y Pequeñas Empresas de... | El Riesgo en el Contrato de Seguro | El Contrato de Seguro Contra la Responsabilidad Civil
meso,Area 1,Area1_M06,Area1_M06.json,C144,218,Estacion Bomberos - Arquitectura,Estacion Bomberos - Arquitectura,Estacion Bomberos - Arquitectura,Estacion Bomberos - Arquitectura,current_clean,,0.9817,0.0,Arquitectura,Central de Bomberos en Culiacan Sinaloa | Estación de Bomberos Milpa Alta | Central de Bomberos
meso,Area 1,Area1_M07,Area1_M07.json,C23,5549,Ingeniería en Computación,Ingeniería en Computación,Ingeniería en Computación,Ingeniería en Computación,current_clean,,0.4732,0.0,Ingeniería en Computación,Diseno de UNA RED para la Comunicación de VOZ y Datos Entre las Ciudades de Méx... | Los Contratos Aleatorios | Naturaleza Jurídica de la Loteria Nacional para la Asistencia Pública
meso,Area 1,Area1_M08,Area1_M08.json,C60,3273,Empresa Autotransportes - Derecho,Empresa Autotransportes - Derecho,Empresa Autotransportes - Derecho,Empresa Autotransportes - Derecho,current_clean,,0.4494,0.0,Derecho,Sistemas de Transporte | Ingeniería de Transito | Programa Sobre las Medidas en la Prevencion de Accidentes para Empresas Medianas
meso,Area 1,Area1_M08,Area1_M08.json,C90,1954,Aeropuerto Internacional - Ingeniería Civil,Aeropuerto Internacional - Ingeni...,Aeropuerto Internacional - Ingeniería Civil,Aeropuerto Internacional - Ingeni...,current_clean,short_long,0.6059,0.0,Ingeniería Civil,Aeropuerto Internacional Ciudad de México | El Apoderamiento Ilicito de Aeronaves Como Estrategia Política | Desviación Vertical Disociada
meso,Area 1,Area1_M09,Area1_M09.json,C58,3325,Matemáticas,Matemáticas,Matemáticas,Matemáticas,current_clean,,0.7347,0.0,Matemáticas,El Teorema Principal de Zariski | Propuesta Metodologica para la Educación Química en el Nivel Medio Superior Mod... | Plaza de Toros Cubierta en la Ciudad de Toluca
meso,Area 1,Area1_M10,Area1_M10.json,C91,1891,Cultural Deportivo - Arquitectura,Cultural Deportivo - Arquitectura,Cultural Deportivo - Arquitectura,Cultural Deportivo - Arquitectura,current_clean,,0.4368,0.0,Arquitectura,Centro Cultural y Deportivo | Club Deportivo | Club Deportivo y Cultural en el D.F
meso,Area 1,Area1_M11,Area1_M11.json,C0,19172,Distribucion Abundancia - Biología,Distribucion Abundancia - Biología,Distribucion Abundancia - Biología,Distribucion Abundancia - Biología,current_clean,,0.4796,0.0,Biología,Naturaleza e Historia del Seguro Maritimo Internacional | Diques para la Construccion y Reparacion de Buques | El Habitat del Manana
micro,Area 1,Area1_M00,Area1_M00.json,C10,8109,Municipio Mexicano - Arquitectura,Municipio Mexicano - Arquitectura,Municipio Mexicano - Arquitectura,Municipio Mexicano - Arquitectura,current_clean,,0.5207,0.0,Arquitectura,"El Problema de la Habitacion en México | Contribucion AL Conocimiento de la Avifauna de Bejucos, Municipio de Tejupilco,... | Edificio de Estacionamiento en la Ciudad de México"
micro,Area 1,Area1_M00,Area1_M00.json,C16,6964,Urbano Arquitectónico - Arquitectura,Urbano Arquitectónico - Arquitect...,Urbano Arquitectónico - Arquitectura,Urbano Arquitectónico - Arquitect...,current_clean,short_long,0.588,0.0,Arquitectura,Programas de Vivienda para Santiago Acahualtepec | Conjunto Habitacional | Centro de Investigaciones en Arquitectura y Urbanismo
micro,Area 1,Area1_M00,Area1_M00.json,C73,2634,Centro Cultural - Arquitectura,Centro Cultural - Arquitectura,Centro Cultural - Arquitectura,Centro Cultural - Arquitectura,current_clean,,0.4286,0.0,Arquitectura,"Centro Cultural Pizzica en Melpignano, Italia | Centro Cultural Iztapalapa | Museo Universitario Contemporaneo de Arte"
micro,Area 1,Area1_M00,Area1_M00.json,C79,2464,Organización Territorial - Arquitectura,Organización Territorial - Arquit...,Organización Territorial - Arquitectura,Organización Territorial - Arquit...,current_clean,short_long,0.4375,0.0,Arquitectura,Ampliacion Centro Vacacional Oaxtepec | Ampliacion Centro Vacacional Oaxtepec MOR | Condicion Jurídica del Turista en México
micro,Area 1,Area1_M00,Area1_M00.json,C107,1088,Ciudad Guanajuato - Arquitectura,Ciudad Guanajuato - Arquitectura,Ciudad Guanajuato - Arquitectura,Ciudad Guanajuato - Arquitectura,current_clean,,0.4945,0.0,Arquitectura,"Centro Comercial en Tijuana, Baja California | Palacio Municipal en Uruapan, Michoacan | Palacio Federal en Manzanillo, COL"
micro,Area 1,Area1_M00,Area1_M00.json,C126,497,Quintana Roo - Arquitectura,Quintana Roo - Arquitectura,Quintana Roo - Arquitectura,Quintana Roo - Arquitectura,current_clean,,1.0,0.0,Arquitectura,Hotel de Playa | Motel en Carretera | Hotel de Cinco Estrellas
micro,Area 1,Area1_M00,Area1_M00.json,C228,28,Artesanías Populares Uruapan - Arquitectura,Artesanías Populares Uruapan - AR...,Artesanías Populares Uruapan - Arquitectura,Artesanías Populares Uruapan - Ar...,current_clean,short_long,1.0,0.0,Arquitectura,"Museo Regional de Artesanías Populares en Uruapan, Mich | Museo Regional de Artesanías en Uruapan, Mich | Museo de Artesanías Populares en Uruapan, Michoacan"
micro,Area 1,Area1_M00,Area1_M00.json,C254,23,Teatro Ciudad - Arquitectura,Teatro Ciudad - Arquitectura,Teatro Ciudad - Arquitectura,Teatro Ciudad - Arquitectura,current_clean,,1.0,0.0,Arquitectura,Teatro en la Ciudad de México
micro,Area 1,Area1_M00,Area1_M00.json,C261,23,Casa Hogar - Arquitectura,Casa Hogar - Arquitectura,Casa Hogar - Arquitectura,Casa Hogar - Arquitectura,current_clean,,0.9565,0.0,Arquitectura,Casa Hogar para la Tercera Edad | Casa Hogar para el Adulto Mayor | Casa Hogar de la Tercera Edad
micro,Area 1,Area1_M00,Area1_M00.json,C263,22,Ciudad Universitaria - Arquitectura,Ciudad Universitaria - Arquitectu...,Ciudad Universitaria - Arquitectura,Ciudad Universitaria - Arquitectu...,current_clean,short_long,1.0,0.0,Arquitectura,"Escuela Nacional de Música en Ciudad Universitaria | Escuela Nacional de Música Ciudad Universitaria | Escuela Nacional de Música, Ciudad Universitaria"
micro,Area 1,Area1_M00,Area1_M00.json,C316,18,Centro Parroquial Cuernavaca - Arquitectura,Centro Parroquial Cuernavaca - AR...,Centro Parroquial Cuernavaca - Arquitectura,Centro Parroquial Cuernavaca - Ar...,current_clean,short_long,1.0,0.0,Arquitectura,"Centro Parroquial en Cuernavaca Morelos | Centro Parroquial en Cuernavaca, Morelos | Centro Parroquial en Cuernavaca, MOR"
micro,Area 1,Area1_M00,Area1_M00.json,C332,17,Residencia Estudiantes - Arquitectura,Residencia Estudiantes - Arquitec...,Residencia Estudiantes - Arquitectura,Residencia Estudiantes - Arquitec...,current_clean,short_long,1.0,0.0,Arquitectura,Residencia de Estudiantes | Residencia para Estudiantes Foraneos | Residencia para Estudiantes Foraneas
micro,Area 1,Area1_M00,Area1_M00.json,C336,17,Centro Infantil - Arquitectura,Centro Infantil - Arquitectura,Centro Infantil - Arquitectura,Centro Infantil - Arquitectura,current_clean,,1.0,0.0,Arquitectura,Centro de Desarrollo Infantil | Centro de Desarrollo Infantil Iztacalco | CEI : Centro de Desarrollo Infantil
micro,Area 1,Area1_M00,Area1_M00.json,C354,16,Escuela Nacional Música - Arquitectura,Escuela Nacional Música - Arquite...,Escuela Nacional Música - Arquitectura,Escuela Nacional Música - Arquite...,current_clean,short_long,1.0,0.0,Arquitectura,Escuela Nacional de Música | Escuela Nacional de Música | Escuela Nacional de Música Unam
micro,Area 1,Area1_M00,Area1_M00.json,C369,16,Hotel Ejecutivos - Arquitectura,Hotel Ejecutivos - Arquitectura,Hotel Ejecutivos - Arquitectura,Hotel Ejecutivos - Arquitectura,current_clean,,1.0,0.0,Arquitectura,Hotel para Ejecutivos en la Ciudad de México | Hotel para Ejecutivos en la Ciudad e México | Hotel para Ejecutivos en México
micro,Area 1,Area1_M00,Area1_M00.json,C373,16,Unidad Cultural Cinematografica - Arquitectura,Unidad Cultural Cinematografica -...,Unidad Cultural Cinematografica - Arquitectura,Unidad Cultural Cinematografica -...,current_clean,short_long,1.0,0.0,Arquitectura,Unidad Cultural Cinematografica | Unidad Culturales Cinematograficas
micro,Area 1,Area1_M00,Area1_M00.json,C422,12,Hotel Ejecutivos Ciudad - Arquitectura,Hotel Ejecutivos Ciudad - Arquite...,Hotel Ejecutivos Ciudad - Arquitectura,Hotel Ejecutivos Ciudad - Arquite...,current_clean,short_long,1.0,0.0,Arquitectura,"Hotel para Ejecutivos en México, D.F | Hotel para Ejecutivos en México D.F | Hotel para Ejecutivos en México, D. F"
micro,Area 1,Area1_M00,Area1_M00.json,C434,11,Museo Regional Artesanías - Arquitectura,Museo Regional Artesanías - Arqui...,Museo Regional Artesanías - Arquitectura,Museo Regional Artesanías - Arqui...,current_clean,short_long,1.0,0.0,Arquitectura,"Museo Regional de Artesanías Populares en Patzcuaro, Mich | Museo Regional de Artesanías Populares Patzuaro, Mich"
micro,Area 1,Area1_M00,Area1_M00.json,C468,9,Estadio Azteca - Ciencias de la Comunicación,Estadio Azteca - Ciencias de la C...,Estadio Azteca - Ciencias de la Comunicación,Estadio Azteca - Ciencias de la C...,current_clean,short_long,0.5556,0.0,Ciencias de la Comunicación,Acción de la Coordinación de Relaciones Públicas del Estadio Azteca | Plan de Relaciones Públicas para el Estadio Azteca | Renovación Arquitectónica e Intervención Urbana en la Zona del Estadio Azteca :...
micro,Area 1,Area1_M00,Area1_M00.json,C542,7,Muelle Museo - Arquitectura,Muelle Museo - Arquitectura,Muelle Museo - Arquitectura,Muelle Museo - Arquitectura,current_clean,,0.8571,0.0,Arquitectura,"Muelle-museo : Miami South Beach | Muelle-museo Florida, E.u.a | Muelle Museo 5TH AV Miami Beach"
micro,Area 1,Area1_M00,Area1_M00.json,C555,7,Hotel ZEN Lighthouse - Arquitectura,Hotel ZEN Lighthouse - Arquitectu...,Hotel ZEN Lighthouse - Arquitectura,Hotel ZEN Lighthouse - Arquitectu...,current_clean,short_long,1.0,0.0,Arquitectura,"Hotel ZEN Lighthouse, Valle de Bravo, México | Proyecto : Hotel ZEN Lighthouse, Valle de Bravo, Estado de México, México | Hotel ZEN Lighthouse : Hotel Sensorial Valle de Bravo, Estado de México"
micro,Area 1,Area1_M00,Area1_M00.json,C581,7,Meson Tianguis Mercado - Arquitectura,Meson Tianguis Mercado - Arquitec...,Meson Tianguis Mercado - Arquitectura,Meson Tianguis Mercado - Arquitec...,current_clean,short_long,1.0,0.0,Arquitectura,Meson y Tianguis en el Mercado de Jamaica
micro,Area 1,Area1_M00,Area1_M00.json,C582,7,Escuela Nacional - Arquitectura,Escuela Nacional - Arquitectura,Escuela Nacional - Arquitectura,Escuela Nacional - Arquitectura,current_clean,,1.0,0.0,Arquitectura,Escuela Nacional de Música en C.U | Escuela de Música en el Centro Cultural Universitario U.n.a.m | Escuela Nacional de Música en C.U. U.n.a.m
micro,Area 1,Area1_M00,Area1_M00.json,C741,5,Determinantes Estructurales Incid... - Arquitectura,Determinantes Estructurales Incid...,Determinantes Estructurales Incid... - Arquitectura,Determinantes Estructurales Incid...,current_clean,short_long,0.8,0.0,Arquitectura,Determinantes Estructurales QUE Inciden en el Desarrollo de Trastornos Mentales... | UNA Aproximacion Multimetodologica AL Estudio de las Representaciones Sociales... | Clínica en Soledad Graciano Sanchez SAN Luis Potosi : Estudio y Alternativas de...
micro,Area 1,Area1_M00,Area1_M00.json,C769,5,Cerro Judio - Arquitectura,Cerro Judio - Arquitectura,Cerro Judio - Arquitectura,Cerro Judio - Arquitectura,current_clean,,0.6,0.0,Arquitectura,"Planteamiento de Desarrollo Urbano y de Centro de Barrio Cerro del Judio, D.F | Unidad Habitacional Cerro del Judio | Apropiación y Disputa Simbólica del Espacio Urbano : el Barrio de Loreto y la C..."
micro,Area 1,Area1_M00,Area1_M00.json,C775,5,Ciencias Politicas y Administración Pública,Ciencias Politicas y Administraci...,Ciencias Politicas y Administración Pública,Ciencias Politicas y Administraci...,current_clean,short_long,0.4,0.0,Ciencias Politicas y Administración Pública,"Caracterización de la Movilidad NO Motorizada e Incidencias de Tránsito en Zona... | Programa Autobuses Aula, Instaurado Como Alternativa Parcial Ante la Insuficien... | Administración Pública y Política Social en México, Estudio de Caso : Programa..."
micro,Area 1,Area1_M00,Area1_M00.json,C831,5,Indios Verdes - Arquitectura,Indios Verdes - Arquitectura,Indios Verdes - Arquitectura,Indios Verdes - Arquitectura,current_clean,,0.8,0.0,Arquitectura,"Centro de Transferencia Modal Indios Verdes | Revitalización del Mercado Indios Verdes | Estación de Transferencia Multimodal Indios Verdes : Recuperación, Reactivación..."
micro,Area 1,Area1_M00,Area1_M00.json,C887,5,Borde Chapultepec - Arquitectura,Borde Chapultepec - Arquitectura,Borde Chapultepec - Arquitectura,Borde Chapultepec - Arquitectura,current_clean,,1.0,0.0,Arquitectura,Chapultepec+chapultepec : Conexión Urbana | Chapultepec Lomas : Portal Urbano | Bordes de Ciudad : Borde de Chapultepec - Jardín Gandhi
micro,Area 1,Area1_M01,Area1_M01.json,C38,4226,Geológico Área - Ingeniería Civil,Geológico Área - Ingeniería Civil,Geológico Área - Ingeniería Civil,Geológico Área - Ingeniería Civil,current_clean,,0.7745,0.0,Ingeniería Civil,Instrumentacion en Tuneles | Sistemas de Informacion Geografica | Pavimentos Asfalticos
micro,Area 1,Area1_M01,Area1_M01.json,C50,3785,Estructura Concreto - Ingeniería Civil,Estructura Concreto - Ingeniería...,Estructura Concreto - Ingeniería Civil,Estructura Concreto - Ingeniería...,current_clean,short_long,0.8634,0.0,Ingeniería Civil,Calculo de UNA Estructura de Concreto Armado | Calculo de la Estructura de UN Edificio | Desarrollo de Herramientas de Análisis Estructural para SU USO Desde la Internet
micro,Area 1,Area1_M01,Area1_M01.json,C112,994,Puente Definitivo Camino - Ingeniería Civil,Puente Definitivo Camino - Ingeni...,Puente Definitivo Camino - Ingeniería Civil,Puente Definitivo Camino - Ingeni...,current_clean,short_long,0.9034,0.0,Ingeniería Civil,Proyecto de Puente Carretero Sobre el RIO Champoton | Puentes Maryland | Puentes Removibles
micro,Area 1,Area1_M01,Area1_M01.json,C163,98,Tipo Gravedad - Ingeniería Civil,Tipo Gravedad - Ingeniería Civil,Tipo Gravedad - Ingeniería Civil,Tipo Gravedad - Ingeniería Civil,current_clean,,0.898,0.0,Ingeniería Civil,Diseno de UNA Cortina de Materiales Graduados | Anteproyecto de UNA Cortina de Concreto Tipo Gravedad | Proyecto de UNA Planta para Fabricar Prensas de Cortina
micro,Area 1,Area1_M01,Area1_M01.json,C428,11,Definitivo Puente - Ingeniería Civil,Definitivo Puente - Ingeniería CI...,Definitivo Puente - Ingeniería Civil,Definitivo Puente - Ingeniería Ci...,current_clean,short_long,1.0,0.0,Ingeniería Civil,[Diseno de UNA Estructura para Puente de Carga H-20 y de Doble Linea de Transit... | Proyecto Definitivo de UN Puente para Camino Carretero de Doble Linea de Circul... | [Estudios de Campo y Proyecto Definitivo de UN Puente para Camino de DOS Lineas...
micro,Area 1,Area1_M01,Area1_M01.json,C459,10,Metodo Kani - Ingeniería Civil,Metodo Kani - Ingeniería Civil,Metodo Kani - Ingeniería Civil,Metodo Kani - Ingeniería Civil,current_clean,,1.0,0.0,Ingeniería Civil,Análisis y Diseño de UNA Estructura por el Metodo Kani | Análisis y Diseño de UN Edificio por el Metodo de Kani | El Metodo Hoshin Kanri
micro,Area 1,Area1_M01,Area1_M01.json,C565,7,Resistividad Eléctrica - Ingeniería Geofisica,Resistividad Eléctrica - Ingenier...,Resistividad Eléctrica - Ingeniería Geofisica,Resistividad Eléctrica - Ingenier...,current_clean,short_long,0.8571,0.0,Ingeniería Geofisica,Tomografía de Resistividad Eléctrica 3D en Centro Histórico de la Ciudad de Mor... | Tomografías de Resistividad Eléctrica 3D en la Pirámide del Castillo en Chichén... | Prospección Eléctrica en Zonas Costeras de México por Medio de Tomografía de Re...
micro,Area 1,Area1_M01,Area1_M01.json,C683,6,Modelos Digitales Elevacion - Ingeniería Geofisica,Modelos Digitales Elevacion - ING...,Modelos Digitales Elevacion - Ingeniería Geofisica,Modelos Digitales Elevacion - Ing...,current_clean,short_long,0.8333,0.0,Ingeniería Geofisica,"Correccion Topografica de los Datos Gravimetricos Utilizando UNA Computadora Di... | Correccion Topografica de Datos Gravimetricos Utilizando Modelos de Elevacion D... | El Sistema Lidar Aplicado A la Geomática, Generando Modelos Digitales de Elevac..."
micro,Area 1,Area1_M01,Area1_M01.json,C844,5,Bahia PAZ - Ciencias del MAR y Limnolog...,Bahia PAZ - Ciencias del MAR y LI...,Bahia PAZ - Ciencias del MAR y Limnolog...,Bahia PAZ - Ciencias del MAR y Li...,current_clean,short_long,1.0,0.0,Ciencias del MAR y Limnologia,"Análisis de las Características del Giro Ciclónico de la Bahía de la PAZ | Modelación de la Circulación en la Bahía de la PAZ, B. C. S | Aplicación de UN Modelo Npz-hidrodinámico A la Bahía de la PAZ"
micro,Area 1,Area1_M02,Area1_M02.json,C9,8245,Abastecimiento Agua - Ingeniería Civil,Abastecimiento Agua - Ingeniería...,Abastecimiento Agua - Ingeniería Civil,Abastecimiento Agua - Ingeniería...,current_clean,short_long,0.713,0.0,Ingeniería Civil,"Abastecimiento de Agua Potable en Sola de Vega, Oaxaca | La Laguna Centro Social y Cultural | Seleccion de Instrumentos para la Medicion de Flujo"
micro,Area 1,Area1_M02,Area1_M02.json,C17,6877,Gas Licuado Petróleo - Ingeniería Química,Gas Licuado Petróleo - Ingeniería...,Gas Licuado Petróleo - Ingeniería Química,Gas Licuado Petróleo - Ingeniería...,current_clean,short_long,0.6411,0.0,Ingeniería Química,Estimacion Automatizada de la Recuperacion de Aceite por Medio de Inyeccion de... | Hornos para Ladrillos : Estudio Previo A la Elaboracion de Disenos para SU Cons... | Calculo del Volumen Original de Hidrocarburos por el Metodo de Isohidrocarburos
micro,Area 1,Area1_M02,Area1_M02.json,C32,4672,Instalaciones Electricas - Ingeniería Mecánica Eléctr...,Instalaciones Electricas - Ingeni...,Instalaciones Electricas - Ingeniería Mecánica Eléctr...,Instalaciones Electricas - Ingeni...,current_clean,short_long,0.7652,0.0,Ingeniería Mecánica Eléctrica,Estudio del Corto Circuito | Estudio de UNA Posible Distribucion y Readaptacion Modular del Laboratorio de C... | Finanzas Corporativas : Optimización de Inventarios para Incrementar la Rentabi...
micro,Area 1,Area1_M02,Area1_M02.json,C40,4147,Fabrica Productos Quimicos - Ingeniería Química,Fabrica Productos Quimicos - Inge...,Fabrica Productos Quimicos - Ingeniería Química,Fabrica Productos Quimicos - Inge...,current_clean,short_long,0.5223,0.0,Ingeniería Química,"Auditoria de Inmuebles, Maquinaria y Equipo | Reestructuracion de la COL. SAN Lorenzo la Cebada, Xochimilco | Organización Administrativa y Contable de UNA Fabrica de Papel"
micro,Area 1,Area1_M02,Area1_M02.json,C174,59,Rastro Frigorifico - Arquitectura,Rastro Frigorifico - Arquitectura,Rastro Frigorifico - Arquitectura,Rastro Frigorifico - Arquitectura,current_clean,,0.9322,0.0,Arquitectura,"Rastro y Frigorifico en Uruapan, Michoacan | Rastro y Frigorifico | Rastro y Frigorifico en la Ciudad de Uruapan, Mich"
micro,Area 1,Area1_M02,Area1_M02.json,C266,22,Asbesto Cemento - Ingeniería Mecánica Eléctri...,Asbesto Cemento - Ingeniería Mecá...,Asbesto Cemento - Ingeniería Mecánica Eléctri...,Asbesto Cemento - Ingeniería Mecá...,current_clean,short_long,0.5909,0.0,Ingeniería Mecánica Eléctrica,Generalidades Sobre la Organización de la Industria Asbesto Cemento | El Asbesto Cemento y SU Aplicacion en Tuberias de Presion | Investigación de UN Sustituyente del Asbesto en la Formulación de Compuestos Mo...
micro,Area 1,Area1_M02,Area1_M02.json,C312,18,Jaula Ardilla - Ingeniería Mecánica Eléctri...,Jaula Ardilla - Ingeniería Mecáni...,Jaula Ardilla - Ingeniería Mecánica Eléctri...,Jaula Ardilla - Ingeniería Mecáni...,current_clean,short_long,0.9444,0.0,Ingeniería Mecánica Eléctrica,Arranque de Motores de Induccion Polifasicos de Jaula de Ardilla | Análisis del Metodo de Prueba para Obtener la Eficiencia Energetica de UN Motor... | Control de la Velocidad de UN Motor Jaula de Ardilla por Medio de UN Altivar
micro,Area 1,Area1_M02,Area1_M02.json,C444,10,Gasoducto Cactus - Ingeniería Química,Gasoducto Cactus - Ingeniería QUÍ...,Gasoducto Cactus - Ingeniería Química,Gasoducto Cactus - Ingeniería Quí...,current_clean,short_long,0.6,0.0,Ingeniería Química,"Diseno y Construccion del Gasoducto Cactus-ciudad Pemex | Anteproyecto para la Recuperacion de Condensables del Gas Amargo en la Unidad P... | Sustitucion de la Linea Conductora de 48"" D.N. A Base de Perforación Horizontal..."
micro,Area 1,Area1_M02,Area1_M02.json,C453,10,Procesos Difusion - Matemáticas,Procesos Difusion - Matemáticas,Procesos Difusion - Matemáticas,Procesos Difusion - Matemáticas,current_clean,,0.7,0.0,Matemáticas,Cambios Observados en la Difusión | Estimación de la Densidad de UN Proceso de Difusión Mediante el Cálculo de Mall... | Sobre la Construcción y Estimación de Procesos de Difusión Estacionarios
micro,Area 1,Area1_M02,Area1_M02.json,C524,7,Sistemas Cogeneracion - Ingeniería Mecánica Eléctri...,Sistemas Cogeneracion - Ingenierí...,Sistemas Cogeneracion - Ingeniería Mecánica Eléctri...,Sistemas Cogeneracion - Ingenierí...,current_clean,short_long,0.8571,0.0,Ingeniería Mecánica Eléctrica,Desarrollo de UN Programa de Computo para Apoyo en los Estudios de Prefactibili... | La Cogeneracion en la Unam : UNA Propuesta de Innovacion Tecnologica | Metodologia para Determinar la Factibilidad Tecnico-economica de Instalar Siste...
micro,Area 1,Area1_M02,Area1_M02.json,C545,7,Proyectos IPC - Ingeniería Química,Proyectos IPC - Ingeniería Química,Proyectos IPC - Ingeniería Química,Proyectos IPC - Ingeniería Química,current_clean,,0.5714,0.0,Ingeniería Química,"Organización, Planeacion y Programacion del Proceso Constructivo IPC Aplicado A... | Metodología y Estrategias para Elaborar Propuestas Exitosas en Proyectos IPC | Principios Basicos para el Inicio Exitoso de UN Proyecto IPC, de UNA Planta de..."
micro,Area 1,Area1_M02,Area1_M02.json,C552,7,Ingeniería Energía,Ingeniería Energía,Ingeniería Energía,Ingeniería Energía,current_clean,,0.8571,0.0,Ingeniería Energía,Diseño de UN Secador Geotérmico de Café | Diseño y Construcción de UN Secador Solar para Semilla de Café | Hacia UNA Cafetera Solar
micro,Area 1,Area1_M02,Area1_M02.json,C637,6,Plan Milpa Alta - Arquitectura,Plan Milpa Alta - Arquitectura,Plan Milpa Alta - Arquitectura,Plan Milpa Alta - Arquitectura,current_clean,,1.0,0.0,Arquitectura,Plan Milpa Alta
micro,Area 1,Area1_M02,Area1_M02.json,C712,5,Experimental Factor Resistividad - Ingeniería Petrole...,Experimental Factor Resistividad...,Experimental Factor Resistividad - Ingeniería Petrole...,Experimental Factor Resistividad...,current_clean,short_long,1.0,0.0,Ingeniería Petrolera,"Estudio Experimental del Factor de Resistividad y la Porosidad en Medios NO Con... | Análisis e Interpretacion de Correlaciones Porosidad Permeabilidad de Medios Po... | Análisis de la Presion para Yacimientos de Doble Porosidad, Mediante el Algorit..."
micro,Area 1,Area1_M02,Area1_M02.json,C796,5,Tratamiento Aguas Residuales - Ingeniería Química,Tratamiento Aguas Residuales - IN...,Tratamiento Aguas Residuales - Ingeniería Química,Tratamiento Aguas Residuales - In...,current_clean,short_long,0.6,0.0,Ingeniería Química,Diseño e Implementacion de UN Sistema de Tratamiento de Aguas Residuales para U... | Estudio de la Construccion de UNA Planta para Tratamientos de los Productos de... | Análisis de las Técnicas de Tratamiento de Aguas Residuales Aplicables A la Ind...
micro,Area 1,Area1_M02,Area1_M02.json,C797,5,Generador Tormentas - Ingeniería Civil,Generador Tormentas - Ingeniería...,Generador Tormentas - Ingeniería Civil,Generador Tormentas - Ingeniería...,current_clean,short_long,0.8,0.0,Ingeniería Civil,Elaboración del Manual de UN Programa Generador de Tormentas | Propuesta de Metodologia para Diseño de Ciclones | Aparatos Meteorologicos A Partir de Modelos Artesanales
micro,Area 1,Area1_M02,Area1_M02.json,C808,5,Cuatro Barras - Ingeniería Mecánica Eléctri...,Cuatro Barras - Ingeniería Mecáni...,Cuatro Barras - Ingeniería Mecánica Eléctri...,Cuatro Barras - Ingeniería Mecáni...,current_clean,short_long,1.0,0.0,Ingeniería Mecánica Eléctrica,Métodos Numericos para el Análisis y Sintesis de Mecanismos de Barras Articulad... | Simulacion y Análisis de UN Mecanismo de Cuatro Barras | Elementos para el Diseño de Barras Colectoras en Subestaciones
micro,Area 1,Area1_M02,Area1_M02.json,C842,5,Redes Neuronales - Ingeniería Mecánica,Redes Neuronales - Ingeniería MEC...,Redes Neuronales - Ingeniería Mecánica,Redes Neuronales - Ingeniería Mec...,current_clean,short_long,1.0,0.0,Ingeniería Mecánica,Desarrollo de UN Modelo Bifásico para el Transporte de Petróleo Pesado con Base... | Aplicación de Redes Neuronales en la Ingeniería Petrolera | Implementación de Redes Neuronales para Generar Oleaje Utilizando Datos de Vien...
micro,Area 1,Area1_M02,Area1_M02.json,C883,5,Valvulas Mariposa - Ingeniería Mecánica Eléctri...,Valvulas Mariposa - Ingeniería ME...,Valvulas Mariposa - Ingeniería Mecánica Eléctri...,Valvulas Mariposa - Ingeniería Me...,current_clean,short_long,0.8,0.0,Ingeniería Mecánica Eléctrica,Monografia Sobre las Valvulas de Mariposa | Planeacion de Fabricacion de las Valvulas de Mariposa de las Turbinas Hidraulic... | Fabricacion y Montaje de UNA Valvula de Mariposa para la Planta Hidroelectrica...
micro,Area 1,Area1_M03,Area1_M03.json,C70,2752,Centro Divulgacion - Física,Centro Divulgacion - Física,Centro Divulgacion - Física,Centro Divulgacion - Física,current_clean,,0.8223,0.0,Física,Coronas Telescopicas | Modelos Numéricos de Chorros Astrofísicos Variables | Centro de Divulgacion de Estudios Astronomicos : Centro Cultural Universitario
micro,Area 1,Area1_M03,Area1_M03.json,C95,1647,Trampa Magneto Óptica - Física,Trampa Magneto Óptica - Física,Trampa Magneto Óptica - Física,Trampa Magneto Óptica - Física,current_clean,,0.7614,0.0,Física,"Aplicacion del Rayo Laser en Odontología | Laser en Operatoria Dental | Síntesis, Caracterización Estructural y Propiedades Magnéticas de Manganitas LA2"
micro,Area 1,Area1_M03,Area1_M03.json,C96,1590,Reactores Nucleares - Física,Reactores Nucleares - Física,Reactores Nucleares - Física,Reactores Nucleares - Física,current_clean,,0.6314,0.0,Física,Higiene de las Radiaciones | Métodos Matematicos Aplicados AL Análisis y Simulacion de Reactores Quimicos | Utilizacion de la Energía Nuclear en México para la Produccion de Energía Eléct...
micro,Area 1,Area1_M03,Area1_M03.json,C330,17,Interferometria Holografica - Física,Interferometria Holografica - FÍS...,Interferometria Holografica - Física,Interferometria Holografica - Fís...,current_clean,short_long,0.8824,0.0,Física,Interferometria Holografica y SU Aplicacion AL Análisis de Deformaciones | De la Fotografía A la Holografía | Guia de Diseño Holografico
micro,Area 1,Area1_M03,Area1_M03.json,C518,8,Ciencias e Ingeniería de Materiales,Ciencias e Ingeniería de Material...,Ciencias e Ingeniería de Materiales,Ciencias e Ingeniería de Material...,current_clean,short_long,1.0,0.0,Ciencias e Ingeniería de Materiales,Espectroscopia Óptica y Efectos Opticos NO Lineales en Knbo3 : CR | Espectroscopia Óptica del Linbo3: CR; GE | Espectroscopia y Altas Presiones en Linbo3 : CR
micro,Area 1,Area1_M03,Area1_M03.json,C529,7,Sistemas WDM - Ingeniería en Telecomunicac...,Sistemas WDM - Ingeniería en Tele...,Sistemas WDM - Ingeniería en Telecomunicac...,Sistemas WDM - Ingeniería en Tele...,current_clean,short_long,1.0,0.0,Ingeniería en Telecomunicaciones,Análisis del Desempeño de Sistemas WDM Utilizando Formatos Avanzados de Modulac... | Estudio de Sistemas Ópticos WDM para SU Implantación en Redes de Alta Velocidad | Análisis de Sistemas WDM Como Interfaz Óptica para Etherneta 100y 400 GB
micro,Area 1,Area1_M03,Area1_M03.json,C573,7,Medicion Radon - Ingeniería Química,Medicion Radon - Ingeniería Quími...,Medicion Radon - Ingeniería Química,Medicion Radon - Ingeniería Quími...,current_clean,short_long,0.5714,0.0,Ingeniería Química,Correlacion Entre las Mediciones A Corto y Largo Plazo de Radon en Interiores | Medición de Radón en Xochimilco y Correlación Entre las Mediciones de Corto y L... | Medidas de Radon
micro,Area 1,Area1_M03,Area1_M03.json,C577,7,Ceramico Superconductor - Física,Ceramico Superconductor - Física,Ceramico Superconductor - Física,Ceramico Superconductor - Física,current_clean,,0.7143,0.0,Física,Estudio Experimental Sobre el Nuevo Ceramico Superconductor Y-ba-cu-o | Superconductividad en Compuestos Ceramicos con Estructura ND2 Cuo4 | Estructura y Crecimiento de Grano en Oxidos Ceramicos Superconductores
micro,Area 1,Area1_M03,Area1_M03.json,C583,7,Lineas Transmision - Ingeniería Eléctrica Electr...,Lineas Transmision - Ingeniería e...,Lineas Transmision - Ingeniería Eléctrica Electr...,Lineas Transmision - Ingeniería E...,current_clean,short_long,1.0,0.0,Ingeniería Eléctrica Electronica,Localización de Fallas en Líneas de Transmisión Basada en Modos de Correlación... | Localización de Fallas en Líneas de Transmisión Empleando Métodos Basados en Me... | Estudiar la Aplicación de UN Método Electrónico para Localizar Fallas en Líneas...
micro,Area 1,Area1_M03,Area1_M03.json,C601,6,Nucleos Naturalmente Fracturados - Ingeniería Petrole...,Nucleos Naturalmente Fracturados...,Nucleos Naturalmente Fracturados - Ingeniería Petrole...,Nucleos Naturalmente Fracturados...,current_clean,short_long,1.0,0.0,Ingeniería Petrolera,Calculo de Permeabilidades Relativas en Nucleos Naturalmente Fracturados | Determinación de Porosidad y Resistividad en Nucleos de Diametro Completo de Ya... | Compresibilidad del Volumen Poroso en Nucleos Naturalmente Fracturados
micro,Area 1,Area1_M03,Area1_M03.json,C618,6,Resonancia Paramagnetica Electron... - Física,Resonancia Paramagnetica Electron...,Resonancia Paramagnetica Electron... - Física,Resonancia Paramagnetica Electron...,current_clean,short_long,1.0,0.0,Física,Resonancia Paramagnetica Electronica de MN2 +: LI CL | Resonancia Paramagnetica Electronica de MN++ en Cloruro de Sodio | Resonancia Paramagnetica Electronica del ION MN 2+ en la RED Cristalina del Rbcl
micro,Area 1,Area1_M03,Area1_M03.json,C644,6,Receptor Nuclear - Biología,Receptor Nuclear - Biología,Receptor Nuclear - Biología,Receptor Nuclear - Biología,current_clean,,0.6667,0.0,Biología,Estudio de los Mecanismos Moleculares del Receptor Nuclear Nur77 en la Modulaci... | Estudio de las Bases Moleculares para Regular la Autofagia por el Receptor Nucl... | Estudio de la Muerte Celular Autofágica Mediada por el Receptor Nuclear Nur77
micro,Area 1,Area1_M03,Area1_M03.json,C652,6,Moleculas Diatomicas - Física,Moleculas Diatomicas - Física,Moleculas Diatomicas - Física,Moleculas Diatomicas - Física,current_clean,,0.6667,0.0,Física,Estudio Teorico Sobre la Interaccion de Moleculas Diatomicas con Sistemas Model... | Obtencion de Curvas de Potencial para Moleculas Diatomicas A Partir de Datos Es... | Descripcion Espectroscopica de Moleculas Diatomicas Mediante Métodos Algebraicos
micro,Area 1,Area1_M03,Area1_M03.json,C662,6,Gas SF6 - Ingeniería Mecánica Eléctri...,Gas SF6 - Ingeniería Mecánica ELÉ...,Gas SF6 - Ingeniería Mecánica Eléctri...,Gas SF6 - Ingeniería Mecánica Elé...,current_clean,short_long,1.0,0.0,Ingeniería Mecánica Eléctrica,Interruptores de Potencia en Gas (SF6) | Interruptores de Alto Voltaje A Gas (SF6) | Interruptores de Potencia en Gas SF6
micro,Area 1,Area1_M03,Area1_M03.json,C726,5,Fotometria CCD Cumulo - Física,Fotometria CCD Cumulo - Física,Fotometria CCD Cumulo - Física,Fotometria CCD Cumulo - Física,current_clean,,1.0,0.0,Física,Fotometría CCD del Cúmulo Globular NGC 6093 | Estudio Fotométrico de los Cúmulos Abiertos Ngc2335 y Ngc2302 | Modelos Combinados de Fotoionización para Ngc6153
micro,Area 1,Area1_M03,Area1_M03.json,C747,5,Frecuencias - Hidraulica,Frecuencias - Hidraulica,Frecuencias - Hidraulica,Frecuencias - Hidraulica,current_clean,,1.0,0.0,Hidraulica,Análisis de Frecuencias Regional de Sequias | Análisis de Frecuencias de Sequias para el Estado de Sinaloa | Análisis Regional de Sequias
micro,Area 1,Area1_M03,Area1_M03.json,C784,5,Rayleigh Benard - Física,Rayleigh Benard - Física,Rayleigh Benard - Física,Rayleigh Benard - Física,current_clean,,1.0,0.0,Física,El Problema de Rayleigh-bénard en UN Contenedor Cilíndrico | Perturbaciones Fuertes y Débiles AL Oscilador de Rayleigh | UN Dispositivo para Estudiar la Inestabilidad de Rayleigh-bénard
micro,Area 1,Area1_M03,Area1_M03.json,C809,5,Thermococcus Gammatolerans - Biología,Thermococcus Gammatolerans - Biol...,Thermococcus Gammatolerans - Biología,Thermococcus Gammatolerans - Biol...,current_clean,short_long,0.6,0.0,Biología,Adaptaciones del Antígeno Nuclear de Células en Proliferación (Pcna) de Thermoc... | Determinación de la Estructura Cristalográfica del Antígeno Nuclear de Células... | Caracterizacion de la Estabilidad Conformacional de la Subunidad [Beta] de la A...
micro,Area 1,Area1_M03,Area1_M03.json,C884,5,Resonancia Magnetica - Física,Resonancia Magnetica - Física,Resonancia Magnetica - Física,Resonancia Magnetica - Física,current_clean,,1.0,0.0,Física,Antena Superficial para Imagenologia y Espectroscopia por Resonancia Magnetica | Desarrollo e Implementación de UN Metamaterial para Imagenología por Resonancia... | Estudio de la Homogeneidad de la Imagen por Resonancia Magnética con UN Diseño...
micro,Area 1,Area1_M03,Area1_M03.json,C904,5,Extrusion Angular - Ciencia e Ingeniería de MAT...,Extrusion Angular - Ciencia e ING...,Extrusion Angular - Ciencia e Ingeniería de MAT...,Extrusion Angular - Ciencia e Ing...,current_clean,short_long,0.8,0.0,Ciencia e Ingeniería de Materiales,Estudio Microestructural y Mecánico de UNA Aleación Al-20sn (% en Masa) Sometid... | Estudio Microestructural de UNA Aleación Aa5083 Sometida A UN Proceso de Extrus... | Estudio Microestructural y Mecánico de UNA Aleación de Aluminio 6061-t6 Sometid...
micro,Area 1,Area1_M03,Area1_M03.json,C906,5,Mecanismos Accion Protectora - Biología,Mecanismos Accion Protectora - BI...,Mecanismos Accion Protectora - Biología,Mecanismos Accion Protectora - Bi...,current_clean,short_long,0.8,0.0,Biología,Mecanismos de la Acción Protectora de la Taurina Sobre la Estructura del Fotorr... | La Taurina Como Estabilizador de Membranas en los Fotorreceptores | Efecto Estabilizador de la Taurina en los Fotorreceptores
micro,Area 1,Area1_M04,Area1_M04.json,C94,1653,Cambio Climatico - Ciencias de la Tierra,Cambio Climatico - Ciencias de la...,Cambio Climatico - Ciencias de la Tierra,Cambio Climatico - Ciencias de la...,current_clean,short_long,0.4864,0.0,Ciencias de la Tierra,"Proyecto Electrico de la Subestacion de la Planta de Etileno de la Cangrejera,... | Instrumentacion en Meteorologia | Proyecto Electrico de la Subestacion de la Planta de Etileno de la Cangrejera V..."
micro,Area 1,Area1_M04,Area1_M04.json,C457,10,Bolsa Mexicana Valores - Ingeniería de Sistemas,Bolsa Mexicana Valores - Ingenier...,Bolsa Mexicana Valores - Ingeniería de Sistemas,Bolsa Mexicana Valores - Ingenier...,current_clean,short_long,0.7,0.0,Ingeniería de Sistemas,Machine Learning en el Pronóstico del Índice de Precios y Cotizaciones de la Bo... | Técnicas de Aprendizaje de Máquina para la Predicción de Movimientos del Mercad... | Pronóstico de Ventas Utilizando Redes Neuronales Artificiales : UNA Aplicación...
micro,Area 1,Area1_M04,Area1_M04.json,C506,8,Tema Cambio Climatico - Biología,Tema Cambio Climatico - Biología,Tema Cambio Climatico - Biología,Tema Cambio Climatico - Biología,current_clean,,0.625,0.0,Biología,Estrategia Didáctica para la Enseñanza del Tema Cambio Climático con Estudiante... | La Educación para la Salud Como Apoyo Psicologico Durante el Climaterio | Educación en el Climaterio para UNA Vejez Exitosa
micro,Area 1,Area1_M05,Area1_M05.json,C108,1076,Contrato Seguro - Actuaría,Contrato Seguro - Actuaría,Contrato Seguro - Actuaría,Contrato Seguro - Actuaría,current_clean,,0.5177,0.0,Actuaría,Guía Basica de Administración de Riesgos para las Micro y Pequeñas Empresas de... | El Riesgo en el Contrato de Seguro | El Contrato de Seguro Contra la Responsabilidad Civil
micro,Area 1,Area1_M05,Area1_M05.json,C445,10,Distrito Federal - Ingeniería Civil,Distrito Federal - Ingeniería CIV...,Distrito Federal - Ingeniería Civil,Distrito Federal - Ingeniería Civ...,current_clean,short_long,0.8,0.0,Ingeniería Civil,Valuacion Catastral de Predios en el Distrito Federal | La Valuacion Catastral en el Distrito Federal | Valuacion de Predios Catastrales en el Distrito Federal
micro,Area 1,Area1_M05,Area1_M05.json,C500,8,Reserva Siniestros - Actuaría,Reserva Siniestros - Actuaría,Reserva Siniestros - Actuaría,Reserva Siniestros - Actuaría,current_clean,,1.0,0.0,Actuaría,Calculo Alternativo para la Determinación de la Reserva de Siniestros Ocurridos... | Modelos Estocásticos Aplicados para la Estimación de la Reserva de Siniestros O... | Algunos Métodos para el Calculo de Reservas de Siniestros Ocurridos y NO Report...
micro,Area 1,Area1_M05,Area1_M05.json,C569,7,Infraestructura Inmobiliaria - Ingeniería Civil,Infraestructura Inmobiliaria - IN...,Infraestructura Inmobiliaria - Ingeniería Civil,Infraestructura Inmobiliaria - In...,current_clean,short_long,1.0,0.0,Ingeniería Civil,Revision y Propuesta para el Desarrollo de la Infraestructura Inmobiliaria Médi... | Diagnostico y Propuesta para el Desarrollo de la Infraestructura Inmobiliaria d... | Análisis de la Metodologia de Planeacion Utilizada en el Plan Maestro Regional...
micro,Area 1,Area1_M05,Area1_M05.json,C672,6,Seguro Educacional - Actuaría,Seguro Educacional - Actuaría,Seguro Educacional - Actuaría,Seguro Educacional - Actuaría,current_clean,,0.6667,0.0,Actuaría,El Seguro Educacional : UNA Aplicacion AL Seguro de Vida | El Seguro Facultativo de los Estudiantes de la Unam | El Seguro Facultativo de las Personas QUE Cursen Estudios de Nivel Medio y Supe...
micro,Area 1,Area1_M05,Area1_M05.json,C752,5,Balanced Scorecard - Ingeniería de Sistemas,Balanced Scorecard - Ingeniería D...,Balanced Scorecard - Ingeniería de Sistemas,Balanced Scorecard - Ingeniería d...,current_clean,short_long,0.6,0.0,Ingeniería de Sistemas,La Planeacion Estrategica Mediante el Marcador Balanceado (Balanced Scorecard)... | El Desarrollo del Balanced Scorecard Como Herramienta para Alcanzar los Objetiv... | Modelo de Sistemas Viables Como Herramienta de Diseño para Mejorar la Implement...
micro,Area 1,Area1_M05,Area1_M05.json,C756,5,Valuacion Actuarial - Actuaría,Valuacion Actuarial - Actuaría,Valuacion Actuarial - Actuaría,Valuacion Actuarial - Actuaría,current_clean,,1.0,0.0,Actuaría,"Elementos, Procedimientos y Análisis de la Valuacion Actuarial | La Tecnica Actuarial Aplicada A la Valuacion y Financiamiento de la Prima de An... | Valuacion Actuarial Inicial y Subsecuente de Pasivos Contingentes de Acuerdo co..."
micro,Area 1,Area1_M05,Area1_M05.json,C886,5,Contratos Colectivos - Actuaría,Contratos Colectivos - Actuaría,Contratos Colectivos - Actuaría,Contratos Colectivos - Actuaría,current_clean,,0.6,0.0,Actuaría,Consideraciones Actuariales para la Valuacion de Beneficios Contingentes en los... | Modelo Matematico para la Evaluación del Costo de UN Contrato Colectivo de Trab... | El Concepto Legal de Salario SU Aplicacion en los Contratos Colectivos
micro,Area 1,Area1_M06,Area1_M06.json,C144,218,Estacion Bomberos - Arquitectura,Estacion Bomberos - Arquitectura,Estacion Bomberos - Arquitectura,Estacion Bomberos - Arquitectura,current_clean,,0.9817,0.0,Arquitectura,Central de Bomberos en Culiacan Sinaloa | Estación de Bomberos Milpa Alta | Central de Bomberos
micro,Area 1,Area1_M06,Area1_M06.json,C323,18,Escuela Preparatoria Piloto - Arquitectura,Escuela Preparatoria Piloto - ARQ...,Escuela Preparatoria Piloto - Arquitectura,Escuela Preparatoria Piloto - Arq...,current_clean,short_long,1.0,0.0,Arquitectura,Escuela Preparatoria Piloto para la U.n.a.m
micro,Area 1,Area1_M06,Area1_M06.json,C571,7,Taranta Power Station - Arquitectura,Taranta Power Station - Arquitect...,Taranta Power Station - Arquitectura,Taranta Power Station - Arquitect...,current_clean,short_long,1.0,0.0,Arquitectura,Edificio Multifuncional Concurso Taranta Power Station | Taranta Power Station | Taranta Power Station : Centro de Difusión Cultural
micro,Area 1,Area1_M07,Area1_M07.json,C23,5549,Diseno RED - Ingeniería en Computación,Diseno RED - Ingeniería en Comput...,Diseno RED - Ingeniería en Computación,Diseno RED - Ingeniería en Comput...,current_clean,short_long,0.4732,0.0,Ingeniería en Computación,Diseno de UNA RED para la Comunicación de VOZ y Datos Entre las Ciudades de Méx... | Los Contratos Aleatorios | Naturaleza Jurídica de la Loteria Nacional para la Asistencia Pública
micro,Area 1,Area1_M07,Area1_M07.json,C251,24,Filmoteca Unam - Arquitectura,Filmoteca Unam - Arquitectura,Filmoteca Unam - Arquitectura,Filmoteca Unam - Arquitectura,current_clean,,1.0,0.0,Arquitectura,Filmoteca de la Unam | Filmoteca de la Unam | Filmoteca U.n.a.m.
micro,Area 1,Area1_M07,Area1_M07.json,C310,19,Alta Disponibilidad - Ingeniería en Computación,Alta Disponibilidad - Ingeniería...,Alta Disponibilidad - Ingeniería en Computación,Alta Disponibilidad - Ingeniería...,current_clean,short_long,0.8421,0.0,Ingeniería en Computación,Aplicacion de la Tecnología Cluster en Plataforma Unix Como Solucion AL Problem... | Análisis del Desempeño de UN Cluster Beowulf en Diversos Algoritmos de Tipo Con... | Construccion y Evaluación de Desempeño de UN Cluster Tipo Beowulf para Computo...
micro,Area 1,Area1_M07,Area1_M07.json,C320,18,Biblioteca Pública Queretaro - Arquitectura,Biblioteca Pública Queretaro - AR...,Biblioteca Pública Queretaro - Arquitectura,Biblioteca Pública Queretaro - Ar...,current_clean,short_long,1.0,0.0,Arquitectura,"Biblioteca Pública Queretaro, QRO | Biblioteca Pública en Queretaro, QRO | Biblioteca Pública en Queretaro QRO"
micro,Area 1,Area1_M07,Area1_M07.json,C387,15,Inalambrica Bluetooth - Ingeniería en Computación,Inalambrica Bluetooth - Ingenierí...,Inalambrica Bluetooth - Ingeniería en Computación,Inalambrica Bluetooth - Ingenierí...,current_clean,short_long,1.0,0.0,Ingeniería en Computación,"Tecnología Inalambrica Bluetooth | Generalidades y Especificaciones de la Tecnología Bluetooth, Aplicada A la Comu... | Tecnología Inalámbrica Bluetooth"
micro,Area 1,Area1_M07,Area1_M07.json,C407,13,Documentos XML - Ciencias de la Computación,Documentos XML - Ciencias de la C...,Documentos XML - Ciencias de la Computación,Documentos XML - Ciencias de la C...,current_clean,short_long,1.0,0.0,Ciencias de la Computación,"Utilización de XML en el Desarrollo de UN Sistema con Datos Semiestructurados | Bases de Datos Nativas en XML SUS Usos y Aplicaciones en el WEB | Diseño, Implementacion y Evaluación de UN Editor de Documentos XML en Java para..."
micro,Area 1,Area1_M07,Area1_M07.json,C501,8,Jugar Ajedrez - Psicología,Jugar Ajedrez - Psicología,Jugar Ajedrez - Psicología,Jugar Ajedrez - Psicología,current_clean,low_area_purity,0.375,0.0,Psicología,UN Programa para Jugar Ajedrez | Ajedrez y Creatividad : Seis Sombreros para Jugar Ajedrez | El Ajedrez Como UN Producto Cultural de la Edad Media
micro,Area 1,Area1_M07,Area1_M07.json,C525,7,Pantallas Ambiente Unix - Ingeniería en Computación,Pantallas Ambiente Unix - Ingenie...,Pantallas Ambiente Unix - Ingeniería en Computación,Pantallas Ambiente Unix - Ingenie...,current_clean,short_long,0.8571,0.0,Ingeniería en Computación,Manejador y Disenador de Pantallas en Ambiente Unix | Sistema Manipulador de Pantallas (Sismap) | Sistema Manipulador de Pantallas : (Sismap)
micro,Area 1,Area1_M07,Area1_M07.json,C558,7,Tarjeta Adquisicion Datos - Ingeniería Mecánica Eléct...,Tarjeta Adquisicion Datos - Ingen...,Tarjeta Adquisicion Datos - Ingeniería Mecánica Eléct...,Tarjeta Adquisicion Datos - Ingen...,current_clean,short_long,1.0,0.0,Ingeniería Mecánica Eléctrica,Diseño de UNA Tarjeta de Funciones Multiples | Diseño e Implementacion de UNA Tarjeta de Adquisicion de Datos Acelerometricos | Diseno y Construccion de UNA Tarjeta Multifuncion para UN Acelerografo Dsa-1
micro,Area 1,Area1_M07,Area1_M07.json,C572,7,Fibra Óptica - Ingeniería Mecánica Eléctri...,Fibra Óptica - Ingeniería Mecánic...,Fibra Óptica - Ingeniería Mecánica Eléctri...,Fibra Óptica - Ingeniería Mecánic...,current_clean,short_long,1.0,0.0,Ingeniería Mecánica Eléctrica,Aplicacion de los Sistemas de Transmision por Fibras Opticas en la RED Urbana d... | Análisis y Caracterización de la RED de Transporte por Fibra Óptica de la Regió... | Monitoreo A Nivel Capa Física de UNA RED de Transporte por Fibra Óptica en la C...
micro,Area 1,Area1_M07,Area1_M07.json,C640,6,Lenguaje Simulacion - Ingeniería Mecánica Eléctri...,Lenguaje Simulacion - Ingeniería...,Lenguaje Simulacion - Ingeniería Mecánica Eléctri...,Lenguaje Simulacion - Ingeniería...,current_clean,short_long,1.0,0.0,Ingeniería Mecánica Eléctrica,Implementacion y Mejoras AL Lenguaje de Simulacion Gasp II | Lenguaje Simulador Analogico-digital SAS | Simulacion Aplicacion A UN Modelo de Tramite de Documentos con el Lenguaje Gasp...
micro,Area 1,Area1_M07,Area1_M07.json,C645,6,Localizacion Servicios - Investigacion de Operaciones,Localizacion Servicios - Investig...,Localizacion Servicios - Investigacion de Operaciones,Localizacion Servicios - Investig...,current_clean,short_long,1.0,0.0,Investigacion de Operaciones,UN Algoritmo para Resolver el Problema de Localizacion de Servicios con Restric... | UN Algoritmo para Resolver el Problema de Localizacion de Servicios Simple | Solucion del Problema de Localizacion de Servicios Multiobjetivo
micro,Area 1,Area1_M07,Area1_M07.json,C727,5,Sistema Gestion Calidad - Ingeniería de Sistemas,Sistema Gestion Calidad - Ingenie...,Sistema Gestion Calidad - Ingeniería de Sistemas,Sistema Gestion Calidad - Ingenie...,current_clean,short_long,0.4,0.0,Ingeniería de Sistemas,Desarrollo de Herramientas Tecnológicas para la Gestión y Fortalecimiento de la... | El Impacto de la Ergonomia en la Productividad de las Mipymes | Diseño y Desarrollo de UN SGC (Sistema de Gestión de la Calidad) para Mipymes (...
micro,Area 1,Area1_M07,Area1_M07.json,C743,5,Sistema Operativo Android - Ingeniería en Computación,Sistema Operativo Android - Ingen...,Sistema Operativo Android - Ingeniería en Computación,Sistema Operativo Android - Ingen...,current_clean,short_long,0.8,0.0,Ingeniería en Computación,Realidad Aumentada - UNA Aplicación para el Sistema Operativo Android | Desarrollo de UN Nuevo Enfoque de Realidad Aumentada en Interiores y SUS Aplica... | Desarrollo de la Aplicación Móvil Podcast Unamóvil para el Sistema Operativo An...
micro,Area 1,Area1_M07,Area1_M07.json,C793,5,Biblioteca Pública - Arquitectura,Biblioteca Pública - Arquitectura,Biblioteca Pública - Arquitectura,Biblioteca Pública - Arquitectura,current_clean,,1.0,0.0,Arquitectura,Biblioteca Pública en Queretaro | Biblioteca Pública Queretaro
micro,Area 1,Area1_M07,Area1_M07.json,C817,5,Implantacion Software - Matemáticas Aplicadas y COM...,Implantacion Software - Matemátic...,Implantacion Software - Matemáticas Aplicadas y COM...,Implantacion Software - Matemátic...,current_clean,short_long,1.0,0.0,Matemáticas Aplicadas y Computación,Caso Practico de la Implantacion de UN Software Aplicativo ERP (Enterprise Reso... | Desarrollo e Implantación de UN Software ERP (Enterprise Resource Planning) par... | Metodología BPM (Business Process Management) en la Implantación de Erp’s
micro,Area 1,Area1_M07,Area1_M07.json,C818,5,Prolog Lenguaje - Ciencias de la Computación,Prolog Lenguaje - Ciencias de la...,Prolog Lenguaje - Ciencias de la Computación,Prolog Lenguaje - Ciencias de la...,current_clean,short_long,1.0,0.0,Ciencias de la Computación,"Desarrollo de UN Interprete de Prolog | Prolog Como Lenguaje en el Desarrollo de UN Sistema Experto en Dinamica y Contr... | Desarrollo de UN Sistema para la Comprension de Lenguaje Natural, Utilizando Pr..."
micro,Area 1,Area1_M07,Area1_M07.json,C839,5,Cloud Computing - Ingeniería en Computación,Cloud Computing - Ingeniería en C...,Cloud Computing - Ingeniería en Computación,Cloud Computing - Ingeniería en C...,current_clean,short_long,0.8,0.0,Ingeniería en Computación,Gravamen de las Operaciones Internacionales QUE Utilizan Cloud Computing | Análisis e Implementación del Cloud Computing | Modelo de Procesos para Desarrollos Basados en la Nube
micro,Area 1,Area1_M07,Area1_M07.json,C867,5,Correspondencia ADS - Física,Correspondencia ADS - Física,Correspondencia ADS - Física,Correspondencia ADS - Física,current_clean,,1.0,0.0,Física,Aplicaciones de la Correspondencia ADS | Aproximantes de Padé en ADS | Correspondencia ADS
micro,Area 1,Area1_M07,Area1_M07.json,C878,5,Hospital Central - Ingeniería en Computación,Hospital Central - Ingeniería en...,Hospital Central - Ingeniería en Computación,Hospital Central - Ingeniería en...,current_clean,short_long,0.4,0.0,Ingeniería en Computación,Sistema de Control y Pago A Pacientes Foraneos Hospital Central SUR de Alta Esp... | Sistema de Admision Hospitalaria : Hospital Central SUR de Alta Especialidad de... | La Informatica y la Administración de los Recursos Materiales en los Servicios...
micro,Area 1,Area1_M07,Area1_M07.json,C882,5,Tiempo Eficientar Factor - Ingeniería Mecánica Eléctr...,Tiempo Eficientar Factor - Ingeni...,Tiempo Eficientar Factor - Ingeniería Mecánica Eléctr...,Tiempo Eficientar Factor - Ingeni...,current_clean,short_long,0.8,0.0,Ingeniería Mecánica Eléctrica,Proceso de Administración del Tiempo para Eficientar el Factor Humano en UN Dep... | Desarrollo de UN Sistema de Gestion de Tiempo para el Ejecutivo Federal | Justo A Tiempo en Servicios
micro,Area 1,Area1_M08,Area1_M08.json,C60,3273,Empresa Autotransportes - Derecho,Empresa Autotransportes - Derecho,Empresa Autotransportes - Derecho,Empresa Autotransportes - Derecho,current_clean,,0.4494,0.0,Derecho,Sistemas de Transporte | Ingeniería de Transito | Programa Sobre las Medidas en la Prevencion de Accidentes para Empresas Medianas
micro,Area 1,Area1_M08,Area1_M08.json,C90,1954,Aeropuerto Internacional - Ingeniería Civil,Aeropuerto Internacional - Ingeni...,Aeropuerto Internacional - Ingeniería Civil,Aeropuerto Internacional - Ingeni...,current_clean,short_long,0.6059,0.0,Ingeniería Civil,Aeropuerto Internacional Ciudad de México | El Apoderamiento Ilicito de Aeronaves Como Estrategia Política | Desviación Vertical Disociada
micro,Area 1,Area1_M08,Area1_M08.json,C301,19,Parador Carretera - Arquitectura,Parador Carretera - Arquitectura,Parador Carretera - Arquitectura,Parador Carretera - Arquitectura,current_clean,,1.0,0.0,Arquitectura,Parador en Carretera | UN Parador en Carretera | Parador de Carretera
micro,Area 1,Area1_M08,Area1_M08.json,C306,19,Edificio Estacionamiento Automovi... - Arquitectura,Edificio Estacionamiento Automovi...,Edificio Estacionamiento Automovi... - Arquitectura,Edificio Estacionamiento Automovi...,current_clean,short_long,1.0,0.0,Arquitectura,Edificio para Estacionamiento de Automoviles
micro,Area 1,Area1_M08,Area1_M08.json,C447,10,Colonia Hormigas - Ciencias de la Computación,Colonia Hormigas - Ciencias de la...,Colonia Hormigas - Ciencias de la Computación,Colonia Hormigas - Ciencias de la...,current_clean,short_long,1.0,0.0,Ciencias de la Computación,Complejidad y Dinamica Social en Hormigas | Colonia de Hormigas para el Problema Clásico de Rutas de Vehículos | Detección de Fugas en Líneas de Conducción Mediante el Empleo de Colonias de Ho...
micro,Area 1,Area1_M08,Area1_M08.json,C576,7,Riviera Maya - Arquitectura,Riviera Maya - Arquitectura,Riviera Maya - Arquitectura,Riviera Maya - Arquitectura,current_clean,,1.0,0.0,Arquitectura,"Aeropuerto Internacional de la Riviera Maya | Aeropuerto de la Riviera Maya | Aeropuerto Internacional Riviera Maya, Tulúm, Quintana Roo"
micro,Area 1,Area1_M08,Area1_M08.json,C595,6,Ferrocarriles Nacionales - Ingeniería en Computación,Ferrocarriles Nacionales - Ingeni...,Ferrocarriles Nacionales - Ingeniería en Computación,Ferrocarriles Nacionales - Ingeni...,current_clean,short_long,1.0,0.0,Ingeniería en Computación,Normatividad y Estandares para el Desarrollo de Sistemas de Informacion en Ferr... | Desarrollo de UN Sistema Integral de Informacion de Tesoreria para Ferrocarrile... | Desarrollo de UN Sistema Integral de Informacion (Siites) para Ferrocarriles Na...
micro,Area 1,Area1_M08,Area1_M08.json,C638,6,Estacion Paso Autobuses - Arquitectura,Estacion Paso Autobuses - Arquite...,Estacion Paso Autobuses - Arquitectura,Estacion Paso Autobuses - Arquite...,current_clean,short_long,1.0,0.0,Arquitectura,Estacion del Paso de Autobuses en SAN Juan del RIO | Terminal de Autobuses OJO de Agua | Terminal Unica de Autobuses de Paso de Ixtlan del RIO Nayarit
micro,Area 1,Area1_M08,Area1_M08.json,C693,5,Transportacion Vertical - Ingeniería Civil,Transportacion Vertical - Ingenie...,Transportacion Vertical - Ingeniería Civil,Transportacion Vertical - Ingenie...,current_clean,short_long,1.0,0.0,Ingeniería Civil,Solucion AL Problema de Transportacion Vertical en los Diferentes Tipos de Edif... | Transportacion Vertical y Horizontal en Edificios | Solucion Moderna AL Problema del Transporte Vertical
micro,Area 1,Area1_M08,Area1_M08.json,C804,5,Estacionamiento Automoviles - Ingeniería Civil,Estacionamiento Automoviles - ING...,Estacionamiento Automoviles - Ingeniería Civil,Estacionamiento Automoviles - Ing...,current_clean,short_long,1.0,0.0,Ingeniería Civil,Calculo de UN Edificio para Estacionamiento de Automoviles | Proyecto y Calculo de UN Edificio de 15 Pisos con Estacionamiento para Automovi... | [Calculos Estructurales de UN Edificio Destinado A Estacionamiento de Vehiculos...
micro,Area 1,Area1_M08,Area1_M08.json,C871,5,Tarifa Vehiculos - Ingeniería de Sistemas,Tarifa Vehiculos - Ingeniería de...,Tarifa Vehiculos - Ingeniería de Sistemas,Tarifa Vehiculos - Ingeniería de...,current_clean,short_long,0.8,0.0,Ingeniería de Sistemas,"Análisis de la Tarifa para los Vehículos Turistas en Territorio Mexicano | Estudio de los Costos de Operacion por VIA Ferrea del Servicio de Pasajeros Méx... | Análisis y Propuesta Metodológica para Evaluar Indicadores de Desempeño, Asocia..."
micro,Area 1,Area1_M09,Area1_M09.json,C58,3325,Centro Espectaculos Acapulco - Matemáticas,Centro Espectaculos Acapulco - MA...,Centro Espectaculos Acapulco - Matemáticas,Centro Espectaculos Acapulco - Ma...,current_clean,short_long,0.7347,0.0,Matemáticas,El Teorema Principal de Zariski | Propuesta Metodologica para la Educación Química en el Nivel Medio Superior Mod... | Plaza de Toros Cubierta en la Ciudad de Toluca
micro,Area 1,Area1_M09,Area1_M09.json,C394,15,Dentinogenesis Imperfecta - Matemáticas,Dentinogenesis Imperfecta - Matem...,Dentinogenesis Imperfecta - Matemáticas,Dentinogenesis Imperfecta - Matem...,current_clean,short_long,0.6667,0.0,Matemáticas,Caracterizaciones de Dendritas | Dentinogenesis Imperfecta | Dendritas : Caracterizaciones y Ejemplos
micro,Area 1,Area1_M09,Area1_M09.json,C431,11,Movimiento Browniano - Actuaría,Movimiento Browniano - Actuaría,Movimiento Browniano - Actuaría,Movimiento Browniano - Actuaría,current_clean,,1.0,0.0,Actuaría,UNA Primera Aproximacion AL Movimiento Browniano | Elementos Basicos del Movimiento Browniano y Algunas de SUS Aplicaciones | Solucion del Movimiento Browniano con Integrales de Trayectoria
micro,Area 1,Area1_M09,Area1_M09.json,C465,10,Paraboloide Hiperbolico - Ingeniería Civil,Paraboloide Hiperbolico - Ingenie...,Paraboloide Hiperbolico - Ingeniería Civil,Paraboloide Hiperbolico - Ingenie...,current_clean,short_long,1.0,0.0,Ingeniería Civil,Análisis y Diseño de UN Cascaron en Forma de Paraboloide Hiperbolico | Estudio Sobre el Diseño del Paraboloide Hiperbólico | El Paraboloide Hiperbolico Como Forma Estructural
micro,Area 1,Area1_M09,Area1_M09.json,C507,8,Clasificacion Modulos - Matemáticas,Clasificacion Modulos - Matemátic...,Clasificacion Modulos - Matemáticas,Clasificacion Modulos - Matemátic...,current_clean,short_long,1.0,0.0,Matemáticas,Sobre la Estructura de Reticula de R-tors | Clasificacion de Modulos Mediante el USO de la Reticula de Clases Naturales Sob... | Subretículas de R-tors Asociadas A Clases Propias
micro,Area 1,Area1_M09,Area1_M09.json,C510,8,Modelos Loglineales - Actuaría,Modelos Loglineales - Actuaría,Modelos Loglineales - Actuaría,Modelos Loglineales - Actuaría,current_clean,,1.0,0.0,Actuaría,Introduccion A los Modelos Log-lineales | Modelos Logaritmicos Lineales para el Análisis de Variables Categoricos | Análisis de Datos Categoricos Mediante Modelos Loglineales y Modelos Logit
micro,Area 1,Area1_M09,Area1_M09.json,C531,7,Centro Gerontologico - Arquitectura,Centro Gerontologico - Arquitectu...,Centro Gerontologico - Arquitectura,Centro Gerontologico - Arquitectu...,current_clean,short_long,0.7143,0.0,Arquitectura,Centro Gerontológico | Gerontonefrologia | Centro Gerontológico Xochimilco
micro,Area 1,Area1_M09,Area1_M09.json,C534,7,Columnas Presforzadas - Ingeniería Civil,Columnas Presforzadas - Ingenierí...,Columnas Presforzadas - Ingeniería Civil,Columnas Presforzadas - Ingenierí...,current_clean,short_long,0.5714,0.0,Ingeniería Civil,Estudio Sobre Columnas | Columnas Presforzadas | Columnas Empacadas de Alta Eficiencia
micro,Area 1,Area1_M09,Area1_M09.json,C560,7,Grupos Modulares - Física,Grupos Modulares - Física,Grupos Modulares - Física,Grupos Modulares - Física,current_clean,,1.0,0.0,Física,Simetrías para Física de Sabor A Partir de Cocientes de Grupos Modulares | Simetrías y Formas Modulares en la Física de Sabor | Teorías de Gran Unificación y Simetrías Modulares de Sabor
micro,Area 1,Area1_M09,Area1_M09.json,C596,6,Operadores Positivos - Matemáticas,Operadores Positivos - Matemáticas,Operadores Positivos - Matemáticas,Operadores Positivos - Matemáticas,current_clean,,1.0,0.0,Matemáticas,Operadores del Tipo de Convolución con Símbolos Oscilatorios | Propiedades Especiales de los Operadores Positivos | Extensiones Uniformes de Operadores Positivos
micro,Area 1,Area1_M09,Area1_M09.json,C602,6,Nacimiento Muerte - Matemáticas,Nacimiento Muerte - Matemáticas,Nacimiento Muerte - Matemáticas,Nacimiento Muerte - Matemáticas,current_clean,,0.6667,0.0,Matemáticas,"Análisis Espectral de Procesos de Nacimiento y Muerte Bilaterales | Análisis Espectral de Procesos Cuasi de Nacimiento y Muerte | Stochastic Factorizations, Darboux Transformations AND Spectral Analysis OF Dis..."
micro,Area 1,Area1_M09,Area1_M09.json,C630,6,Numeros Aleatorios - Matemáticas Aplicadas y COM...,Numeros Aleatorios - Matemáticas...,Numeros Aleatorios - Matemáticas Aplicadas y COM...,Numeros Aleatorios - Matemáticas...,current_clean,short_long,0.8333,0.0,Matemáticas Aplicadas y Computación,Análisis de Algunos Generadores de Numeros Aleatorios | Análisis Comparativo de Diversos Generadores de Numeros Aleatorios | Pruebas Sobre Generadores de Numeros Aleatorios
micro,Area 1,Area1_M09,Area1_M09.json,C635,6,Brecha Guerrero - Ingeniería Geofisica,Brecha Guerrero - Ingeniería Geof...,Brecha Guerrero - Ingeniería Geofisica,Brecha Guerrero - Ingeniería Geof...,current_clean,short_long,0.8333,0.0,Ingeniería Geofisica,Análisis de Variaciones de Sismicidad en la Zona de la Brecha de Guerrero | Estudio de la Deformacion Intersismica en la Brecha de Guerrero | Análisis de Anisotropia Sismica de la Brecha de Guerrera
micro,Area 1,Area1_M09,Area1_M09.json,C686,5,Condiciones Relativistas Lagrangi... - Física,Condiciones Relativistas Lagrangi...,Condiciones Relativistas Lagrangi... - Física,Condiciones Relativistas Lagrangi...,current_clean,short_long,1.0,0.0,Física,Condiciones Relativistas para UN Lagrangiano | Ecuaciones Relativistas para DOS Particulas en Interacion | Estudio de UNA Gota Relativista con Rotacion
micro,Area 1,Area1_M09,Area1_M09.json,C697,5,Inmersiones Isometricas Superfici... - Matemáticas,Inmersiones Isometricas Superfici...,Inmersiones Isometricas Superfici... - Matemáticas,Inmersiones Isometricas Superfici...,current_clean,short_long,1.0,0.0,Matemáticas,Inmersiones Isometricas de Superficies en R4 | Invariantes Extrínsecos de Segundo Orden de UNA Superficie Inmersa en R4 | Bifurcaciones de Puntos Umbilicos Simples de Superficies en R4
micro,Area 1,Area1_M09,Area1_M09.json,C760,5,Presa Infiernillo - Ingeniería Civil,Presa Infiernillo - Ingeniería CI...,Presa Infiernillo - Ingeniería Civil,Presa Infiernillo - Ingeniería Ci...,current_clean,short_long,1.0,0.0,Ingeniería Civil,"Análisis Dinamico de la Presa LIC. Adolfo Lopez Mateos ""el Infiernillo"", Consid... | Análisis de la Respuesta Dinamica de la Presa el Infiernillo en la Componente L... | El Modelo Heterogeneo de la Viga de Cortante en la Respuesta Dinamica de la Pre..."
micro,Area 1,Area1_M09,Area1_M09.json,C828,5,Datos Gravimetricos - Ingeniería Geofisica,Datos Gravimetricos - Ingeniería...,Datos Gravimetricos - Ingeniería Geofisica,Datos Gravimetricos - Ingeniería...,current_clean,short_long,1.0,0.0,Ingeniería Geofisica,Paquete de Programas para Procesado de Datos Gravimetricos | Software para la Modelación de Datos Gravimétricos | Análisis de Aplicabilidad e Implementación del Algoritmo de Optimización por En...
micro,Area 1,Area1_M09,Area1_M09.json,C854,5,Propiedades Mecanicas - Ingeniería Química Metalurg...,Propiedades Mecanicas - Ingenierí...,Propiedades Mecanicas - Ingeniería Química Metalurg...,Propiedades Mecanicas - Ingenierí...,current_clean,short_long,0.8,0.0,Ingeniería Química Metalurgica,"Propiedades Mecanicas de Aleaciones de Zn-al-cu Obtenidas por Colada Semi-conti... | Efecto del NI y NB en las Propiedades Mecánicas de UNA Aleación con Memoria de... | UN Estudio de las Aleaciones Zn-al, SU Fluidez y Estructura"
micro,Area 1,Area1_M09,Area1_M09.json,C855,5,Problemas Extremos Medidas - Matemáticas,Problemas Extremos Medidas - Mate...,Problemas Extremos Medidas - Matemáticas,Problemas Extremos Medidas - Mate...,current_clean,short_long,1.0,0.0,Matemáticas,Problemas Extremos y Medidas | Medidas de Hausdorff y Ejemplos | Puntos Extremos de Conjuntos de Medidas
micro,Area 1,Area1_M09,Area1_M09.json,C891,5,Realidad Virtual - Ingeniería en Computación,Realidad Virtual - Ingeniería en...,Realidad Virtual - Ingeniería en Computación,Realidad Virtual - Ingeniería en...,current_clean,short_long,0.8,0.0,Ingeniería en Computación,Atlas Anatómico 3D del Tronco Usando Realidad Aumentada para la Enseñanza de la... | Visualización Tridimensional del Modelo de UN Cráneo Humano y SUS Huesos en Rea... | Estudio Valorativo del Software Didáctico Tridimensional Visible Body Skeleton...
micro,Area 1,Area1_M10,Area1_M10.json,C91,1891,Cultural Deportivo - Arquitectura,Cultural Deportivo - Arquitectura,Cultural Deportivo - Arquitectura,Cultural Deportivo - Arquitectura,current_clean,,0.4368,0.0,Arquitectura,Centro Cultural y Deportivo | Club Deportivo | Club Deportivo y Cultural en el D.F
micro,Area 1,Area1_M10,Area1_M10.json,C226,28,Club Golf - Arquitectura,Club Golf - Arquitectura,Club Golf - Arquitectura,Club Golf - Arquitectura,current_clean,,0.75,0.0,Arquitectura,Club de Golf en Cuautla | Club de Golf Cautla | Club de Golf SAN Miguel Regla
micro,Area 1,Area1_M10,Area1_M10.json,C231,27,Casa Ejercicios Espirituales - Arquitectura,Casa Ejercicios Espirituales - AR...,Casa Ejercicios Espirituales - Arquitectura,Casa Ejercicios Espirituales - Ar...,current_clean,short_long,1.0,0.0,Arquitectura,Casa para Ejercicios Espirituales
micro,Area 1,Area1_M10,Area1_M10.json,C277,21,Centro Nacional - Arquitectura,Centro Nacional - Arquitectura,Centro Nacional - Arquitectura,Centro Nacional - Arquitectura,current_clean,,0.9524,0.0,Arquitectura,"Centro Nacional de Tenis | Centro de Tenis D.F | Club de Tenis Cuernavaca, MOR"
micro,Area 1,Area1_M10,Area1_M10.json,C313,18,Club Deportivo SUR - Arquitectura,Club Deportivo SUR - Arquitectura,Club Deportivo SUR - Arquitectura,Club Deportivo SUR - Arquitectura,current_clean,,1.0,0.0,Arquitectura,Club Deportivo en el SUR de la Ciudad de México
micro,Area 1,Area1_M10,Area1_M10.json,C319,18,Hemeroteca Nacional - Arquitectura,Hemeroteca Nacional - Arquitectura,Hemeroteca Nacional - Arquitectura,Hemeroteca Nacional - Arquitectura,current_clean,,1.0,0.0,Arquitectura,Hemeroteca Nacional
micro,Area 1,Area1_M10,Area1_M10.json,C594,6,Plan Regeneracion - Arquitectura,Plan Regeneracion - Arquitectura,Plan Regeneracion - Arquitectura,Plan Regeneracion - Arquitectura,current_clean,,1.0,0.0,Arquitectura,Centro Deportivo Social Plan de Regeneracion Agrourbano Xochimilco | Centro Deportivo Social : Plan de Regeneracion Agrourbano Xochimilco | Centro Deportivo y de Trabajo : Plan de Regeneración Agrourbano Xochimilco
micro,Area 1,Area1_M11,Area1_M11.json,C0,19172,Distribucion Abundancia - Biología,Distribucion Abundancia - Biología,Distribucion Abundancia - Biología,Distribucion Abundancia - Biología,current_clean,,0.4796,0.0,Biología,Naturaleza e Historia del Seguro Maritimo Internacional | Diques para la Construccion y Reparacion de Buques | El Habitat del Manana
micro,Area 1,Area1_M11,Area1_M11.json,C183,53,Octopus Maya - Ciencias del MAR y Limnolog...,Octopus Maya - Ciencias del MAR y...,Octopus Maya - Ciencias del MAR y Limnolog...,Octopus Maya - Ciencias del MAR y...,current_clean,short_long,0.7358,0.0,Ciencias del MAR y Limnologia,Desarrollo de UN Modelo Bioeconómico para Mejorar el Manejo de la Pesquería del... | Estudio Químico del Efecto Paralizante de la Saliva de Pulpo Rojo Octopus Maya | Efecto del Oxígeno Disuelto y la Temperatura en el Metabolismo Respiratorio de...
micro,Area 1,Area1_M11,Area1_M11.json,C426,12,Trucha Arco Iris - Biología,Trucha Arco Iris - Biología,Trucha Arco Iris - Biología,Trucha Arco Iris - Biología,current_clean,,0.5,0.0,Biología,Evaluación de la Calidad Nutricional de los Alimentos Comerciales para la Engor... | Efecto de UNA Dieta Tipo VS. UNA Dieta Comercial Sobre el Rendimiento de la Cri... | Evaluación Experimental de UNA Dieta Alimenticia para Trucha Arco Iris (Salmo G...
micro,Area 1,Area1_M11,Area1_M11.json,C463,10,Medios Cultivo - Biología,Medios Cultivo - Biología,Medios Cultivo - Biología,Medios Cultivo - Biología,current_clean,,0.6,0.0,Biología,Esporotricina Elaboracion A Partir de la Fase Micelial | Comportamiento de Micelios de Agaricales en Diferentes Medios de Cultivo | Fisiologia del Crecimiento Micelial de Hongos Ectomicorrizicos en Medio Solido
micro,Area 1,Area1_M11,Area1_M11.json,C482,9,Trichechus Manatus - Biología,Trichechus Manatus - Biología,Trichechus Manatus - Biología,Trichechus Manatus - Biología,current_clean,,0.5556,0.0,Biología,"Distribucion, Abundancia y USO de Habitat por el Manati en Quintana Roo y Belic... | Estudio de UNA Poblacion de Manaties Trichechus Manatus Manatus (Mammalia: Sire... | Manejo y Registro Conductual de UNA Cria de Manati (Trichechus Manatus Manatus)..."
micro,Area 1,Area1_M11,Area1_M11.json,C651,6,Dorado Mesocricetus Auratus - Biología,Dorado Mesocricetus Auratus - BIO...,Dorado Mesocricetus Auratus - Biología,Dorado Mesocricetus Auratus - Bio...,current_clean,short_long,0.6667,0.0,Biología,Potencializacion por la L-triyodotironina de la Colelitiasis Pigmentaria Produc... | Estudio Sobre las Posibles Alteraciones Producidas por la Vitamina A QUE Induce... | Estudio Sobre la Prevencion por el Hidroxitolueno Butilado de la Colelitiasis P...
micro,Area 1,Area1_M11,Area1_M11.json,C692,5,Calophyllum Brasiliense - Biología,Calophyllum Brasiliense - Biología,Calophyllum Brasiliense - Biología,Calophyllum Brasiliense - Biología,current_clean,,0.6,0.0,Biología,Efecto de los Metabolitos Secundarios de Calophyllum Brasiliense en los Hongos... | Efecto de los Nutrientes Sobre el Crecimiento de Plántulas de Calophyllum Brasi... | Evaluación de la Actividad Relajante de los Metabolitos Secundarios de Calophyl...
micro,Area 1,Area1_M11,Area1_M11.json,C695,5,Ciclo Vida - Biología,Ciclo Vida - Biología,Ciclo Vida - Biología,Ciclo Vida - Biología,current_clean,,0.4,0.0,Biología,"Ciclo de Vida de Echinoparyphium Recurvatum (Linstow, 1873) (Trematoda: Echinos... | Ciclo de Vida del Cestodo Bothriocepholus Ocheilognathi en Condiciones Experime... | Ciclo de Vida de Heterobothrium Ecuadori (Meserve, 1938) Stroston, 1946 (Monoge..."
micro,Area 1,Area1_M11,Area1_M11.json,C720,5,Depredador Presa - Matemáticas,Depredador Presa - Matemáticas,Depredador Presa - Matemáticas,Depredador Presa - Matemáticas,current_clean,,1.0,0.0,Matemáticas,Dinámica Coevolutiva de UN Sistema Depredador-presa | Modelo Presa - Depredador con Bifurcacion de Hopf | Modelo Depredador-presa de Rosenzweig-macarthur
micro,Area 1,Area1_M11,Area1_M11.json,C783,5,Taenia Solium - Biología,Taenia Solium - Biología,Taenia Solium - Biología,Taenia Solium - Biología,current_clean,,0.4,0.0,Biología,Principales Variables QUE Afectan el Desarrollo de Taenia Solium en el Modelo E... | Efecto del Acetado de Cortisona Sobre el Desarrollo de la Taenia Solium en Hams... | Inoculación con el Metacestodo de Taenia Solium en Hámster Dorado (Mesocricetus...
micro,Area 1,Area1_M11,Area1_M11.json,C799,5,Laguna Terminos Campeche - Biología,Laguna Terminos Campeche - Biolog...,Laguna Terminos Campeche - Biología,Laguna Terminos Campeche - Biolog...,current_clean,short_long,0.8,0.0,Biología,Estudio Cuantitativo y Sistemático de los Poliquetos (Annelida: Polychaeta) Ben... | Composición y Estructura de las Comunidades de Anélidos Poliquetos Asociadas A... | Estructura Comunitaria de los Poliquetos (Annlida: Polychaeta) Asociados A Sust...
micro,Area 1,Area1_M11,Area1_M11.json,C812,5,Macadamia Integrifolia - Química de Alimentos,Macadamia Integrifolia - Química...,Macadamia Integrifolia - Química de Alimentos,Macadamia Integrifolia - Química...,current_clean,short_long,0.4,0.0,Química de Alimentos,Elaboracion y Evaluación Sensorial de Productos con Nueces de Macadamia Integri... | Estrategias de Mercadotecnia Aplicadas A la Industrializacion de la Nuez de Mac... | Diseño de UN Sistema Silvopastoril Macadamia (Macadamia Intergrifolia)-forraje...
micro,Area 1,Area1_M11,Area1_M11.json,C823,5,Alteraciones Morfologicas - Biología,Alteraciones Morfologicas - Biolo...,Alteraciones Morfologicas - Biología,Alteraciones Morfologicas - Biolo...,current_clean,short_long,0.6,0.0,Biología,"Alteraciones Morfologicas en Higado de Raton por Inhalacion de Vanadio | Alteraciones Morfologicas Secundarias A la Inhalacion Aguda, Subcronica y Croni... | Alteraciones en los Ritmos Respiratorios Producidas por la Exposición A Tolueno..."
micro,Area 1,Area1_M11,Area1_M11.json,C879,5,Argon Tribolium Castaneum - Biología,Argon Tribolium Castaneum - Biolo...,Argon Tribolium Castaneum - Biología,Argon Tribolium Castaneum - Biolo...,current_clean,short_long,1.0,0.0,Biología,"Efecto de la LUZ Proveniente de UN Laser de Argon en Tribolium Castaneum H. (Co... | Efecto del Rayo Laser Sobre Tribolium Confusum Duval (Coleoptera, Tenebrionidae) | Efecto de UN Laser de Argon en Oryzaephilus Surinamensis (L) (Coleoptera, Cucuj..."
